{"bounds":[6.59913,43.91673,8.52027,44.99997],"width":1024,"height":809}